{"schemaVersion":"1.0","appDefinitionTemplate":{"id":"/providers/Microsoft.PowerApps/apps/","type":"Microsoft.PowerApps/apps","tags":{"primaryDeviceWidth":"1366","primaryDeviceHeight":"768","sienaVersion":"20200708T134839Z-3.20064.22.0","deviceCapabilities":"","supportsPortrait":"false","supportsLandscape":"true","primaryFormFactor":"Tablet","publisherVersion":"3.20064.22","minimumRequiredApiVersion":"2.2.0","hasComponent":"false","hasUnlockedComponent":"false","isUnifiedRootApp":"false"},"properties":{"appVersion":"2020-07-08T13:48:39Z","lifeCycleId":"Published","createdByClientVersion":{"major":3,"minor":20064,"build":22,"revision":0,"majorRevision":0,"minorRevision":0},"minClientVersion":{"major":3,"minor":20064,"build":22,"revision":0,"majorRevision":0,"minorRevision":0},"backgroundColor":"rgba(0, 138, 0, 1)","backgroundImageUri":"/9593125889003785172/N813d7993-a903-4fe3-be90-1c71f191fa1b-logoSmallFile","displayName":"IC System - App","description":"App created for Testing Purpose","commitMessage":"","appUris":{"documentUri":{"value":"/9593125889003785172/N5ae88121-abae-4bee-961a-f30dd8d170b3-document.msapp","readonlyValue":"/9593125889003785172/N5ae88121-abae-4bee-961a-f30dd8d170b3-document.msapp"},"imageUris":[]},"createdTime":"0001-01-01T00:00:00Z","lastModifiedTime":"0001-01-01T00:00:00Z","sharedGroupsCount":0,"sharedUsersCount":0,"icons":{"smallIconUri":"/9593125889003785172/N13d6fcac-a63c-4783-9529-44a5ea523d0f-small.png","mediumIconUri":"/9593125889003785172/N0a112451-025f-4f3d-b1f7-852c62b5c243-medium.png","largeIconUri":"/9593125889003785172/Ne5265dde-ad76-45b9-a189-c3a2f83e8e0d-large.png","wideIconUri":"/9593125889003785172/Nb77a8899-4e32-40b2-9679-cce1a09057ee-wide.png"},"connectionReferences":{"80b25cfe-9db5-4aef-82a7-725508667d51":{"id":"aad5aaae-32c6-4502-a420-06670eb3f26e","displayName":"Logic flows","iconUri":"https://resourcestackdeploy.blob.core.windows.net/scripts/13276078.png","dataSources":["CFC-Test_1","CFC-Test_2","CFC-Test"],"dependencies":[],"dependents":[],"parameterHints":{"workflowName":{"value":"e54d7a67-2d6d-4825-ad02-a0d27a7e3f34"}},"isOnPremiseConnection":false,"bypassConsent":false,"dataSets":{},"apiTier":"Standard","isCustomApiConnection":false}},"databaseReferences":{},"almMode":"Environment","performanceOptimizationEnabled":true,"canConsumeAppPass":true},"isAppComponentLibrary":false,"appType":"ClassicCanvasApp","appComponents":[]}}