{"name":"48bb5ce9-9f18-457f-949c-002b36d39b68","id":"/providers/Microsoft.Flow/flows/48bb5ce9-9f18-457f-949c-002b36d39b68","type":"Microsoft.Flow/flows","properties":{"apiId":"/providers/Microsoft.PowerApps/apis/shared_logicflows","displayName":"IC System - Flow","definition":{"metadata":{"workflowEntityId":null,"creator":{"id":"65add59d-dee9-45f3-aacc-e35b6c1ccc23","type":"User","tenantId":"7c917db0-71f2-438e-9554-388ffcab8764"},"provisioningMethod":"FromDefinition","failureAlertSubscription":true,"clientLastModifiedTime":"2020-07-08T13:41:02.6185173Z"},"$schema":"https://schema.management.azure.com/providers/Microsoft.Logic/schemas/2016-06-01/workflowdefinition.json#","contentVersion":"1.0.0.0","parameters":{"$authentication":{"defaultValue":{},"type":"SecureObject"}},"triggers":{"manual":{"type":"Request","kind":"PowerApp","inputs":{"schema":{"type":"object","properties":{},"required":[]}}}},"actions":{"HTTP":{"runAfter":{"Initialize_variable_6":["Succeeded"]},"type":"Http","inputs":{"method":"GET","uri":"https://06e98558-5a97-46fb-a704-800436847a1b-bluemix.cloudant.com/hospitals/4fed3b7caa3d758303726887ce2cd1e0","headers":{"Content-Type":"application/json"},"authentication":{"type":"Basic","username":"06e98558-5a97-46fb-a704-800436847a1b-bluemix","password":"c66d24eda65d201524df3e42818de17a0fd0ff1a6626333a150e38a519ce957b"}}},"Parse_JSON":{"runAfter":{"HTTP":["Succeeded"]},"type":"ParseJson","inputs":{"content":"@body('HTTP')","schema":{"type":"object","properties":{"hospitals":{"type":"array","items":{"type":"object","properties":{"isActive":{"type":"boolean"},"addressurl":{"type":"string"},"hospitalname":{"type":"string"},"email":{"type":"string"},"Aareacode":{"type":"string"},"phone":{"type":"string"},"totalbeds":{"type":"integer"},"availableventilators":{"type":"integer"},"availablebeds":{"type":"integer"},"address":{"type":"string"},"registered":{"type":"string"},"latitude":{"type":"number"},"longitude":{"type":"number"}},"required":["isActive","hospitalname","email","Aareacode","phone","totalbeds","availablebeds","address","registered","latitude","longitude"]}}}}}},"Initialize_variable":{"runAfter":{"Initialize_variable_2":["Succeeded"]},"type":"InitializeVariable","inputs":{"variables":[{"name":"totalBeds","type":"string"}]}},"Apply_to_each_5":{"foreach":"@body('Parse_JSON')?['hospitals']","actions":{"Append_to_string_variable":{"runAfter":{},"type":"AppendToStringVariable","inputs":{"name":"hospitalName","value":"@{items('Apply_to_each_5')?['hospitalname']};;"}},"Append_to_string_variable_2":{"runAfter":{"Append_to_string_variable":["Succeeded"]},"type":"AppendToStringVariable","inputs":{"name":"address","value":"@{items('Apply_to_each_5')?['address']};;"}},"Append_to_string_variable_3":{"runAfter":{"Append_to_string_variable_2":["Succeeded"]},"type":"AppendToStringVariable","inputs":{"name":"totalBeds","value":"@{items('Apply_to_each_5')?['totalbeds']};;"}},"Append_to_string_variable_4":{"runAfter":{"Append_to_string_variable_3":["Succeeded"]},"type":"AppendToStringVariable","inputs":{"name":"availableBeds","value":"@{items('Apply_to_each_5')?['availablebeds']};;"}},"Append_to_string_variable_5":{"runAfter":{"Append_to_string_variable_4":["Succeeded"]},"type":"AppendToStringVariable","inputs":{"name":"addressurl","value":"@{items('Apply_to_each_5')?['addressurl']};;"}},"Append_to_string_variable_6":{"runAfter":{"Append_to_string_variable_5":["Succeeded"]},"type":"AppendToStringVariable","inputs":{"name":"availableventilators","value":"@{items('Apply_to_each_5')?['availableventilators']};;"}}},"runAfter":{"Parse_JSON":["Succeeded"]},"type":"Foreach"},"Initialize_variable_2":{"runAfter":{},"type":"InitializeVariable","inputs":{"variables":[{"name":"hospitalName","type":"string"}]}},"Respond_to_a_PowerApp_or_flow":{"runAfter":{"Apply_to_each_5":["Succeeded"]},"type":"Response","kind":"PowerApp","inputs":{"statusCode":200,"body":{"hospitalname":"@variables('hospitalName')","address":"@variables('address')","totalbeds":"@variables('totalBeds')","availablebeds":"@variables('availableBeds')","addressurl":"@variables('addressurl')","availableventilators":"@variables('availableventilators')"},"schema":{"type":"object","properties":{"hospitalname":{"title":"hospitalName","x-ms-dynamically-added":true,"type":"string"},"address":{"title":"address","x-ms-dynamically-added":true,"type":"string"},"totalbeds":{"title":"totalBeds","x-ms-dynamically-added":true,"type":"string"},"availablebeds":{"title":"availableBeds","x-ms-dynamically-added":true,"type":"string"},"addressurl":{"title":"addressurl","x-ms-dynamically-added":true,"type":"string"},"availableventilators":{"title":"availableventilators","x-ms-dynamically-added":true,"type":"string"}}}}},"Initialize_variable_3":{"runAfter":{"Initialize_variable":["Succeeded"]},"type":"InitializeVariable","inputs":{"variables":[{"name":"availableBeds","type":"string"}]}},"Initialize_variable_4":{"runAfter":{"Initialize_variable_3":["Succeeded"]},"type":"InitializeVariable","inputs":{"variables":[{"name":"address","type":"string"}]}},"Initialize_variable_5":{"runAfter":{"Initialize_variable_4":["Succeeded"]},"type":"InitializeVariable","inputs":{"variables":[{"name":"addressurl","type":"string"}]}},"Initialize_variable_6":{"runAfter":{"Initialize_variable_5":["Succeeded"]},"type":"InitializeVariable","inputs":{"variables":[{"name":"availableventilators","type":"string"}]}}}},"connectionReferences":{},"flowFailureAlertSubscribed":false}}